source_id,filename,filepath,media_type,label,method,payload_rate,sha256,split
img_src_0000,img_src_0000_clean.png,data/generated/images/img_src_0000_clean.png,image,0,clean,0.0,f532130b25814963638a8675d6e4b2782fd5918743b903ad92f271ef3569e2e9,train
img_src_0000,img_src_0000_stego_lsb_replacement.png,data/generated/images/img_src_0000_stego_lsb_replacement.png,image,1,lsb_replacement,0.05,9c6450afb97059524521648121c6c705a9a1e41859b595353695fc136d39f8c9,train
img_src_0001,img_src_0001_clean.png,data/generated/images/img_src_0001_clean.png,image,0,clean,0.0,877cd10423e0aafd181cde36ef6f559c21eff3edce799000a7eccb474ec9542a,train
img_src_0001,img_src_0001_stego_lsb_matching.png,data/generated/images/img_src_0001_stego_lsb_matching.png,image,1,lsb_matching,0.1,9bbf7ca7f5684ff69005788399ad7be70d04218ade1a7b301fa8ed75f3d1ec81,train
img_src_0002,img_src_0002_clean.png,data/generated/images/img_src_0002_clean.png,image,0,clean,0.0,3cf421a7667e3beb867f265bb3978d155598a110eea77267a013a64fca700322,val
img_src_0002,img_src_0002_stego_edge_adaptive.png,data/generated/images/img_src_0002_stego_edge_adaptive.png,image,1,edge_adaptive,0.2,76659b19812f31acd52cb9de0c9018e0ab8caed2be2de82b46e85df59d597788,val
img_src_0003,img_src_0003_clean.png,data/generated/images/img_src_0003_clean.png,image,0,clean,0.0,6e4c618046dab2d6e4e2ed2351dd2494ca1045538ba7e88cc18c335b71a6d6e5,train
img_src_0003,img_src_0003_stego_dct_ac.png,data/generated/images/img_src_0003_stego_dct_ac.png,image,1,dct_ac,0.4,ea7b9bf5d2d5d91f35b8bf10d1c68bcc2178abd6e8cda166e1ee09c89724b3cd,train
img_src_0004,img_src_0004_clean.png,data/generated/images/img_src_0004_clean.png,image,0,clean,0.0,b2ed4dbddc7465daf4940fc6e6a60fccdf34b47520f6502cdfa3fe75ebf388fc,train
img_src_0004,img_src_0004_stego_lsb_replacement.png,data/generated/images/img_src_0004_stego_lsb_replacement.png,image,1,lsb_replacement,0.05,27966333957f1dab1cdbcf97fe13e968189ae7b6b8d29753e7956dfafbab5077,train
img_src_0005,img_src_0005_clean.png,data/generated/images/img_src_0005_clean.png,image,0,clean,0.0,449e222b05318d1e11e5c11ca20a55d791c216bbfaceb84046beb0f60c39c1be,train
img_src_0005,img_src_0005_stego_lsb_matching.png,data/generated/images/img_src_0005_stego_lsb_matching.png,image,1,lsb_matching,0.1,e9d24d28e1cdc15e6493c24abe7e36120bc81bfc6a4e82abea4d6165fe087c6b,train
img_src_0006,img_src_0006_clean.png,data/generated/images/img_src_0006_clean.png,image,0,clean,0.0,3194a48ca074de1947f70585b0af7d169e4f4c8f869e9f7e0cf379e9c42448e1,train
img_src_0006,img_src_0006_stego_edge_adaptive.png,data/generated/images/img_src_0006_stego_edge_adaptive.png,image,1,edge_adaptive,0.2,6fdb4c519fa711ecfa8764411d9f883d88fd033fdc54b51af7908dcee0132a28,train
img_src_0007,img_src_0007_clean.png,data/generated/images/img_src_0007_clean.png,image,0,clean,0.0,2472e6a69739d695107194a09dbeed1c6806f3bf121c6ce481f69b417e3aa7f9,test
img_src_0007,img_src_0007_stego_dct_ac.png,data/generated/images/img_src_0007_stego_dct_ac.png,image,1,dct_ac,0.4,4a726a48b49d8e5f72f3bb400f15282d33653bfaf9541970c2a0f19c808c9b02,test
img_src_0008,img_src_0008_clean.png,data/generated/images/img_src_0008_clean.png,image,0,clean,0.0,f272c10f9b927f5c50e9ccba6a93904fbfb8ec94ee672dc278b4ae335878ea49,train
img_src_0008,img_src_0008_stego_lsb_replacement.png,data/generated/images/img_src_0008_stego_lsb_replacement.png,image,1,lsb_replacement,0.05,99174ca5078a457090c1158ee0f51eae28f1f7e6cd60caf57c334d4ef8477e82,train
img_src_0009,img_src_0009_clean.png,data/generated/images/img_src_0009_clean.png,image,0,clean,0.0,4e5dc896f29fac539ece1de886d44c7244ab6aa00dc7add974f00a7f19684026,train
img_src_0009,img_src_0009_stego_lsb_matching.png,data/generated/images/img_src_0009_stego_lsb_matching.png,image,1,lsb_matching,0.1,7d26c68b455ef85d275a30e2c9677c7e97faf9e2b055f7a0845c234e661158c1,train
img_src_0010,img_src_0010_clean.png,data/generated/images/img_src_0010_clean.png,image,0,clean,0.0,b5304b74f1d64fdf3081c31ff4986b0a2ff2c9de99d31d5bc0d24070d2df5145,val
img_src_0010,img_src_0010_stego_edge_adaptive.png,data/generated/images/img_src_0010_stego_edge_adaptive.png,image,1,edge_adaptive,0.2,f15222852fe58686067525dc22a396e7275c93c2556167eb0956303ad12d7060,val
img_src_0011,img_src_0011_clean.png,data/generated/images/img_src_0011_clean.png,image,0,clean,0.0,feab259cdc208185f5d0fda23a6942da73149677c20ee44440388a12066f62a5,train
img_src_0011,img_src_0011_stego_dct_ac.png,data/generated/images/img_src_0011_stego_dct_ac.png,image,1,dct_ac,0.4,f72185910b06515df4f1ad8e2107d912ac78ef7a1b1cd0d44101b4a53393babe,train
img_src_0012,img_src_0012_clean.png,data/generated/images/img_src_0012_clean.png,image,0,clean,0.0,e537794b541cf88865331b4aaa7033882390c0f3d8b8e74cc1f4c83df4f9278e,train
img_src_0012,img_src_0012_stego_lsb_replacement.png,data/generated/images/img_src_0012_stego_lsb_replacement.png,image,1,lsb_replacement,0.05,91b1275907758ee0425f24476266f0773307bd119f7ed6e99540776edee33815,train
img_src_0013,img_src_0013_clean.png,data/generated/images/img_src_0013_clean.png,image,0,clean,0.0,7e95ce8556e68e9eca4eaef6a6f5624ad199079637b7f69ba92ff8c4c21ffb1a,train
img_src_0013,img_src_0013_stego_lsb_matching.png,data/generated/images/img_src_0013_stego_lsb_matching.png,image,1,lsb_matching,0.1,f690a02855d6ba603605b7073e897860366caf6a38e2b585a21d9cc51d2230cc,train
img_src_0014,img_src_0014_clean.png,data/generated/images/img_src_0014_clean.png,image,0,clean,0.0,54f7d45049e4da46f775d25b9aa50678d6112c12296895b6406e21f3d518e4fd,test
img_src_0014,img_src_0014_stego_edge_adaptive.png,data/generated/images/img_src_0014_stego_edge_adaptive.png,image,1,edge_adaptive,0.2,2f678748175abc81a8c33f845d4ac84d4de0ea976aa22cd1c429850f6bd94f43,test
img_src_0015,img_src_0015_clean.png,data/generated/images/img_src_0015_clean.png,image,0,clean,0.0,f9340f9a3e97ca50d9a0732e56602d817eae42de4876f74ddeae4e1058b362ff,train
img_src_0015,img_src_0015_stego_dct_ac.png,data/generated/images/img_src_0015_stego_dct_ac.png,image,1,dct_ac,0.4,8512951cb5d4ec9b025575c8e019bd0f6af2bfdba39da1e4e7cc8451b788b61f,train
img_src_0016,img_src_0016_clean.png,data/generated/images/img_src_0016_clean.png,image,0,clean,0.0,f643044fa91ee387d3d309f1a8c59ea4e46ceeb7b764c2c8186305fc0ae948b5,train
img_src_0016,img_src_0016_stego_lsb_replacement.png,data/generated/images/img_src_0016_stego_lsb_replacement.png,image,1,lsb_replacement,0.05,7fe51486516bfd842d7cc9794ecad3edc344b722a6a43cdfd0635578e70b2379,train
img_src_0017,img_src_0017_clean.png,data/generated/images/img_src_0017_clean.png,image,0,clean,0.0,9af5d6fe02f71ba1908edb1b0573f5430d6dd9845efef68de8a898abcfc8fe92,train
img_src_0017,img_src_0017_stego_lsb_matching.png,data/generated/images/img_src_0017_stego_lsb_matching.png,image,1,lsb_matching,0.1,511258255eaa6adf9d8b35f6dd1a1b085f59c74dc3e44a5f415c0e8c654cf49a,train
img_src_0018,img_src_0018_clean.png,data/generated/images/img_src_0018_clean.png,image,0,clean,0.0,ef4838f032b9548d5046d40d8501f3ebc110c002706a04bc15ea90ce6fe5d96f,test
img_src_0018,img_src_0018_stego_edge_adaptive.png,data/generated/images/img_src_0018_stego_edge_adaptive.png,image,1,edge_adaptive,0.2,e36055098bb5a62c4efb1f71bd0dc2849331f178e9d42d070bc07183b3b763dc,test
img_src_0019,img_src_0019_clean.png,data/generated/images/img_src_0019_clean.png,image,0,clean,0.0,5df5d06e309e167a583c3207787f199f6b193c92f0bbf308331031189b7b84ea,train
img_src_0019,img_src_0019_stego_dct_ac.png,data/generated/images/img_src_0019_stego_dct_ac.png,image,1,dct_ac,0.4,c0e82477f5ebb6ec45ec5549d228190ba2cea7f0fad340057750baf1cda683d3,train
