source_id,filename,filepath,media_type,label,method,payload_rate,sha256,split,demo_filepath
img_src_0001,img_src_0001_clean.png,data/generated/images/img_src_0001_clean.png,image,0,clean,0.0,102b39101fd0954a9775f0e3dca6ca4b1554cd752f9233ff32bba6f52b4d6a51,test,demo_samples/image/img_src_0001_clean.png
img_src_0004,img_src_0004_clean.png,data/generated/images/img_src_0004_clean.png,image,0,clean,0.0,7b7c039fee361c9ed331dee1c64aec0c71a66f3baf85a667085b2b84befbb146,test,demo_samples/image/img_src_0004_clean.png
img_src_0016,img_src_0016_clean.png,data/generated/images/img_src_0016_clean.png,image,0,clean,0.0,cbc3b584ab686b4fd4239f7804acf42afccbfdca428ab02ca53c36af82aec11b,test,demo_samples/image/img_src_0016_clean.png
img_src_0019,img_src_0019_clean.png,data/generated/images/img_src_0019_clean.png,image,0,clean,0.0,3517a1110cbeb1e76a93c3ab0f46c2ac72039a01a934491cac93ae920fe7a9a6,test,demo_samples/image/img_src_0019_clean.png
img_src_0021,img_src_0021_clean.png,data/generated/images/img_src_0021_clean.png,image,0,clean,0.0,54db2718f51dec5ce71108928c458b3a0275e0059583eae57e7a7fbc9588609e,test,demo_samples/image/img_src_0021_clean.png
img_src_0001,img_src_0001_stego_lsb_matching_0.10.png,data/generated/images/img_src_0001_stego_lsb_matching_0.10.png,image,1,lsb_matching,0.1,3b7f541ae2dad0a9c92638ecb98219803157f39541538834b2eb1447363fef2a,test,demo_samples/image/img_src_0001_stego_lsb_matching_0.10.png
img_src_0004,img_src_0004_stego_lsb_replacement_0.20.png,data/generated/images/img_src_0004_stego_lsb_replacement_0.20.png,image,1,lsb_replacement,0.2,3d01c2a888db4934022c53f322c448c730d83c5287c7a4436cd29507122f49fe,test,demo_samples/image/img_src_0004_stego_lsb_replacement_0.20.png
img_src_0016,img_src_0016_stego_lsb_replacement_0.10.png,data/generated/images/img_src_0016_stego_lsb_replacement_0.10.png,image,1,lsb_replacement,0.1,bb205337083236cc2c273527d9e5b6eea088736a7f6656fbe85ed481f93d3a72,test,demo_samples/image/img_src_0016_stego_lsb_replacement_0.10.png
img_src_0019,img_src_0019_stego_dct_ac_0.10.png,data/generated/images/img_src_0019_stego_dct_ac_0.10.png,image,1,dct_ac,0.1,2ca0634eeaa4494847e4028a5f9b24a41302e2160d92d164d6ebba889cefcb47,test,demo_samples/image/img_src_0019_stego_dct_ac_0.10.png
img_src_0021,img_src_0021_stego_lsb_matching_0.20.png,data/generated/images/img_src_0021_stego_lsb_matching_0.20.png,image,1,lsb_matching,0.2,29fab0d491668108df59b5ccf6e3284e1b1e0bf4c6b291d9683ca47608c4477f,test,demo_samples/image/img_src_0021_stego_lsb_matching_0.20.png
aud_src_0006,aud_src_0006_clean.wav,data/generated/audio/aud_src_0006_clean.wav,audio,0,clean,0.0,5d4ed56e30fb2e0bfa72508c31d5162edabc338050dbd14e8f0474d008453c40,test,demo_samples/audio/aud_src_0006_clean.wav
aud_src_0027,aud_src_0027_clean.wav,data/generated/audio/aud_src_0027_clean.wav,audio,0,clean,0.0,0c787bfc13c21a9b40c8c1ac535f0ad846fd1ac476ffa8220c96a948ca61a30b,test,demo_samples/audio/aud_src_0027_clean.wav
aud_src_0038,aud_src_0038_clean.wav,data/generated/audio/aud_src_0038_clean.wav,audio,0,clean,0.0,2b70fcb5d1043cde22b6e4b91166a4e220b165881e862948674fceb9f95ccc77,test,demo_samples/audio/aud_src_0038_clean.wav
aud_src_0041,aud_src_0041_clean.wav,data/generated/audio/aud_src_0041_clean.wav,audio,0,clean,0.0,17cc0a75cfcaf5e25ee722a58915293975b56c736beac9097a5eab07e65bc126,test,demo_samples/audio/aud_src_0041_clean.wav
aud_src_0047,aud_src_0047_clean.wav,data/generated/audio/aud_src_0047_clean.wav,audio,0,clean,0.0,db61caacdb2c022c75f17315891daee9fde8c38883ba6d020737730a9d8ff7ef,test,demo_samples/audio/aud_src_0047_clean.wav
aud_src_0006,aud_src_0006_stego_lsb_replacement_0.70.wav,data/generated/audio/aud_src_0006_stego_lsb_replacement_0.70.wav,audio,1,lsb_replacement,0.7,08f3d06d73fc1638a50b802b4eea9c7204d6db7b3e680d8f3924a8b487e22fc3,test,demo_samples/audio/aud_src_0006_stego_lsb_replacement_0.70.wav
aud_src_0027,aud_src_0027_stego_lsb_replacement_0.40.wav,data/generated/audio/aud_src_0027_stego_lsb_replacement_0.40.wav,audio,1,lsb_replacement,0.4,c6c0194f3eca5767c8f07afbde5baee84e78f0e9e2aa5a3d77923e24683f2448,test,demo_samples/audio/aud_src_0027_stego_lsb_replacement_0.40.wav
aud_src_0038,aud_src_0038_stego_echo_hiding_0.20.wav,data/generated/audio/aud_src_0038_stego_echo_hiding_0.20.wav,audio,1,echo_hiding,0.2,bd1672e73db26cffe7c0f0ea05c3bc10e369a3dd707bc8006e957bcae9b61d27,test,demo_samples/audio/aud_src_0038_stego_echo_hiding_0.20.wav
aud_src_0041,aud_src_0041_stego_echo_hiding_0.40.wav,data/generated/audio/aud_src_0041_stego_echo_hiding_0.40.wav,audio,1,echo_hiding,0.4,7af40008fa34f4dd2034cc90420e6369c0a8c85673b72d181a02576830ff8615,test,demo_samples/audio/aud_src_0041_stego_echo_hiding_0.40.wav
aud_src_0047,aud_src_0047_stego_echo_hiding_1.00.wav,data/generated/audio/aud_src_0047_stego_echo_hiding_1.00.wav,audio,1,echo_hiding,1.0,071d1e4ee288846430bf0a79b6cba6e35c47238b14573e90b6ab51fb538c545f,test,demo_samples/audio/aud_src_0047_stego_echo_hiding_1.00.wav
vid_src_0002,vid_src_0002_clean.mkv,data/generated/video/vid_src_0002_clean.mkv,video,0,clean,0.0,b71b3ff2ade23868d82f41ddecc74d3291bcaf3a23f87153309a35a6ac943477,test,demo_samples/video/vid_src_0002_clean.mkv
vid_src_0003,vid_src_0003_clean.mkv,data/generated/video/vid_src_0003_clean.mkv,video,0,clean,0.0,1bc402d5db651960f1a74fc80fa0c301dd15f81cb95a582de9593754f2999519,test,demo_samples/video/vid_src_0003_clean.mkv
vid_src_0005,vid_src_0005_clean.mkv,data/generated/video/vid_src_0005_clean.mkv,video,0,clean,0.0,9121294750d51306300ffe99274f8c1c6d3f6af05d502bf894094acc543d8fed,test,demo_samples/video/vid_src_0005_clean.mkv
vid_src_0006,vid_src_0006_clean.mkv,data/generated/video/vid_src_0006_clean.mkv,video,0,clean,0.0,cab2cffff1de2518ca6d88acab2cf1f1583ac1ab2c0640e19b4746dfc6139608,test,demo_samples/video/vid_src_0006_clean.mkv
vid_src_0020,vid_src_0020_clean.mkv,data/generated/video/vid_src_0020_clean.mkv,video,0,clean,0.0,d078dde865bc497ab6f4fac9d40ae85ba15442827c6f64fab58dc9dc177c8714,test,demo_samples/video/vid_src_0020_clean.mkv
vid_src_0002,vid_src_0002_stego_frame_lsb_0.20.mkv,data/generated/video/vid_src_0002_stego_frame_lsb_0.20.mkv,video,1,frame_lsb,0.2,311cebbd3e7d0b16690a8e6bacf453a2010fda988519f3e75c70bf1cd08d21bf,test,demo_samples/video/vid_src_0002_stego_frame_lsb_0.20.mkv
vid_src_0003,vid_src_0003_stego_frame_lsb_matching_0.20.mkv,data/generated/video/vid_src_0003_stego_frame_lsb_matching_0.20.mkv,video,1,frame_lsb_matching,0.2,123a9adfedcb63465ab3bbdf6892d718198e61e79d5ef8a7ca6ab9c6ea0acd11,test,demo_samples/video/vid_src_0003_stego_frame_lsb_matching_0.20.mkv
vid_src_0005,vid_src_0005_stego_frame_lsb_matching_0.40.mkv,data/generated/video/vid_src_0005_stego_frame_lsb_matching_0.40.mkv,video,1,frame_lsb_matching,0.4,f70847772b96db9c6860d2ad902c31aff3195248ce0e33fb4b49e3f2fe465298,test,demo_samples/video/vid_src_0005_stego_frame_lsb_matching_0.40.mkv
vid_src_0006,vid_src_0006_stego_frame_lsb_0.10.mkv,data/generated/video/vid_src_0006_stego_frame_lsb_0.10.mkv,video,1,frame_lsb,0.1,c1e3fd9fea2486ea34a6007e417abdeb9b958caf8dfed6124b070fafa3983a87,test,demo_samples/video/vid_src_0006_stego_frame_lsb_0.10.mkv
vid_src_0020,vid_src_0020_stego_frame_lsb_0.20.mkv,data/generated/video/vid_src_0020_stego_frame_lsb_0.20.mkv,video,1,frame_lsb,0.2,e76c28335fbaa3cb5d2ce50fed1f677f4edfbb91b36b2be49fe261f389ca054e,test,demo_samples/video/vid_src_0020_stego_frame_lsb_0.20.mkv
